{
    "loss": 0.72653011532948,
    "accuracy": 0.6621818181818182,
    "precision": 0.6782910857620285,
    "recall": 0.6621818181818182,
    "f1": 0.637732586449879
}