{
    "loss": 0.579226350180747,
    "accuracy": 0.7167575757575757,
    "precision": 0.7352328611611149,
    "recall": 0.7167575757575757,
    "f1": 0.6989469938083389
}