{
  "objective": "multi:softprob",
  "num_class": 11,
  "eta": 0.020810960704017334,
  "max_depth": 18,
  "min_child_weight": 5,
  "gamma": 0.9251758546112311,
  "subsample": 0.9756753850290512,
  "colsample_bytree": 0.38159969563216367,
  "colsample_bylevel": 0.9005982104516306,
  "colsample_bynode": 0.6725376242659837,
  "nthread": 16,
  "tree_method": "hist",
  "eval_metric": "mlogloss",
  "max_delta_step": 5,
  "reg_alpha": 2.2769018964159371e-10,
  "reg_lambda": 2.643013384540637e-07,
  "base_score": 0.5,
  "scale_pos_weight": 0.7776869643957478,
  "grow_policy": "lossguide",
  "max_leaves": 3065,
  "normalize_type": "tree",
  "random_state": 42
}