{
  "eta": 0.2170507735414582,
  "max_depth": 7,
  "min_child_weight": 12,
  "subsample": 0.37433427868419117,
  "colsample_bytree": 0.9516784621770842,
  "colsample_bylevel": 0.5773301181312036,
  "colsample_bynode": 0.8722242796866464,
  "reg_alpha": 0.0001339543724613874,
  "reg_lambda": 459.4035035805314,
  "gamma": 1.8052644075462313e-06,
  "scale_pos_weight": 5.609712309267583,
  "max_delta_step": 1,
  "num_boost_round": 251,
  "grow_policy": "lossguide",
  "max_leaves": 2899
}