{
    "round": 5,
    "timestamp": "2025-05-07T15:35:38.441414",
    "metrics": {
        "precision": [
            [
                1,
                0.8354227616580527
            ],
            [
                2,
                0.8358607378163746
            ],
            [
                3,
                0.8360454484234432
            ],
            [
                4,
                0.8355725037720705
            ],
            [
                5,
                0.835583620859844
            ]
        ],
        "recall": [
            [
                1,
                0.7506641366223908
            ],
            [
                2,
                0.7549146110056926
            ],
            [
                3,
                0.7575711574952562
            ],
            [
                4,
                0.7579506641366224
            ],
            [
                5,
                0.758481973434535
            ]
        ],
        "f1": [
            [
                1,
                0.7789860211255885
            ],
            [
                2,
                0.7817988308633491
            ],
            [
                3,
                0.7833095529317682
            ],
            [
                4,
                0.7833003569266925
            ],
            [
                5,
                0.7835196117084072
            ]
        ],
        "accuracy": [
            [
                1,
                0.7506641366223908
            ],
            [
                2,
                0.7549146110056926
            ],
            [
                3,
                0.7575711574952562
            ],
            [
                4,
                0.7579506641366224
            ],
            [
                5,
                0.758481973434535
            ]
        ],
        "mlogloss": [
            [
                1,
                1.532144452950986
            ],
            [
                2,
                1.5236278201868683
            ],
            [
                3,
                1.5162399465264134
            ],
            [
                4,
                1.5098230302039768
            ],
            [
                5,
                1.5042370705541217
            ]
        ],
        "confusion_matrix": [
            [
                1,
                null
            ],
            [
                2,
                null
            ],
            [
                3,
                null
            ],
            [
                4,
                null
            ],
            [
                5,
                null
            ]
        ]
    }
}