{"trial_data": [["{\n  \"stub\": false,\n  \"trainable_name\": \"train_with_config\",\n  \"trial_id\": \"186dd_00000\",\n  \"storage\": {\n    \"_type\": \"CLOUDPICKLE_FALLBACK\",\n    \"value\": \"80059558030000000000008c1b7261792e747261696e2e5f696e7465726e616c2e73746f72616765948c0e53746f72616765436f6e746578749493942981947d94288c12637573746f6d5f66735f70726f766964656494898c136578706572696d656e745f6469725f6e616d65948c0772665f74756e65948c0e747269616c5f6469725f6e616d65948c96747261696e5f776974685f636f6e6669675f31383664645f30303030305f305f626f6f7473747261703d547275652c636c6173735f7765696768743d4e6f6e652c637269746572696f6e3d656e74726f70792c6d61785f64657074683d32302c6d61785f66656174757265733d6c6f67322c6d61785f6c6561665f6e6f6465733d355f323032352d30362d31315f30322d30322d3533948c1863757272656e745f636865636b706f696e745f696e646578944affffffff8c0b73796e635f636f6e666967948c097261792e747261696e948c0a53796e63436f6e6669679493942981947d94288c0b73796e635f706572696f64944d2c018c0c73796e635f74696d656f7574944d08078c0e73796e635f61727469666163747394898c1c73796e635f6172746966616374735f6f6e5f636865636b706f696e7494888c0a75706c6f61645f646972948c0a44455052454341544544948c0673796e6365729468168c1273796e635f6f6e5f636865636b706f696e7494681675628c1273746f726167655f66696c6573797374656d948c0b70796172726f772e5f6673948c1446696c6553797374656d2e5f66726f6d5f7572699493948c0966696c653a2f2f2f5f94859452948c0f73746f726167655f66735f70617468948c4b2f55736572732f6d6f68616d656461796d616e2f4465736b746f702f4955502f537072696e6720323032352f464c2d434d4c2d506970656c696e652f74756e655f726573756c74735f726694681768008c115f46696c6573797374656d53796e6365729493942981947d94286819681f68114d2c0168124d08078c116c6173745f73796e635f75705f74696d659447fff00000000000008c136c6173745f73796e635f646f776e5f74696d659447fff00000000000008c0d5f73796e635f70726f63657373944e8c0c5f63757272656e745f636d64944e75628c0a5f74696d657374616d70948c13323032352d30362d31315f30322d30322d35339475622e\"\n  },\n  \"config\": {\n    \"n_estimators\": 370,\n    \"max_depth\": 20,\n    \"min_samples_split\": 4,\n    \"min_samples_leaf\": 6,\n    \"max_features\": \"log2\",\n    \"criterion\": \"entropy\",\n    \"bootstrap\": true,\n    \"class_weight\": null,\n    \"max_samples\": 0.7,\n    \"min_weight_fraction_leaf\": 0.0791089774878423,\n    \"max_leaf_nodes\": 500,\n    \"min_impurity_decrease\": 0.0025458364875260153\n  },\n  \"_Trial__unresolved_config\": {\n    \"n_estimators\": 370,\n    \"max_depth\": 20,\n    \"min_samples_split\": 4,\n    \"min_samples_leaf\": 6,\n    \"max_features\": \"log2\",\n    \"criterion\": \"entropy\",\n    \"bootstrap\": true,\n    \"class_weight\": null,\n    \"max_samples\": 0.7,\n    \"min_weight_fraction_leaf\": 0.0791089774878423,\n    \"max_leaf_nodes\": 500,\n    \"min_impurity_decrease\": 0.0025458364875260153\n  },\n  \"evaluated_params\": {\n    \"n_estimators\": 370,\n    \"max_depth\": 20,\n    \"min_samples_split\": 4,\n    \"min_samples_leaf\": 6,\n    \"max_features\": \"log2\",\n    \"criterion\": \"entropy\",\n    \"bootstrap\": true,\n    \"class_weight\": null,\n    \"max_samples\": 0.7,\n    \"min_weight_fraction_leaf\": 0.0791089774878423,\n    \"max_leaf_nodes\": 500,\n    \"min_impurity_decrease\": 0.0025458364875260153\n  },\n  \"experiment_tag\": \"0_bootstrap=True,class_weight=None,criterion=entropy,max_depth=20,max_features=log2,max_leaf_nodes=500,max_samples=0.7000,min_impurity_decrease=0.0025,min_samples_leaf=6,min_samples_split=4,min_weight_fraction_leaf=0.0791,n_estimators=370\",\n  \"stopping_criterion\": {},\n  \"_setup_default_resource\": true,\n  \"_default_placement_group_factory\": \"800595aa000000000000008c237261792e74756e652e657865637574696f6e2e706c6163656d656e745f67726f757073948c15506c6163656d656e7447726f7570466163746f72799493942981947d94288c085f62756e646c6573945d947d948c034350559447400000000000000073618c155f686561645f62756e646c655f69735f656d70747994898c095f7374726174656779948c045041434b948c055f6172677394298c075f6b7761726773947d9475622e\",\n  \"placement_group_factory\": \"800595aa000000000000008c237261792e74756e652e657865637574696f6e2e706c6163656d656e745f67726f757073948c15506c6163656d656e7447726f7570466163746f72799493942981947d94288c085f62756e646c6573945d947d948c034350559447400000000000000073618c155f686561645f62756e646c655f69735f656d70747994898c095f7374726174656779948c045041434b948c055f6172677394298c075f6b7761726773947d9475622e\",\n  \"log_to_file\": [\n    null,\n    null\n  ],\n  \"max_failures\": 0,\n  \"_default_result_or_future\": null,\n  \"export_formats\": [],\n  \"status\": \"PENDING\",\n  \"relative_logdir\": \"train_with_config_186dd_00000_0_bootstrap=True,class_weight=None,criterion=entropy,max_depth=20,max_features=log2,max_leaf_nodes=5_2025-06-11_02-02-53\",\n  \"trial_name_creator\": null,\n  \"trial_dirname_creator\": null,\n  \"custom_trial_name\": null,\n  \"custom_dirname\": null,\n  \"restore_path\": null,\n  \"_restore_checkpoint_result\": null,\n  \"_state_json\": null,\n  \"results\": \"80054e2e\",\n  \"extra_arg\": \"80054e2e\",\n  \"_resources\": \"80054e2e\"\n}", "{\n  \"start_time\": null,\n  \"num_failures\": 0,\n  \"num_failures_after_restore\": 0,\n  \"error_filename\": null,\n  \"pickled_error_filename\": null,\n  \"last_result\": {},\n  \"last_result_time\": -Infinity,\n  \"metric_analysis\": {},\n  \"_n_steps\": [\n    5,\n    10\n  ],\n  \"metric_n_steps\": {},\n  \"checkpoint_manager\": {\n    \"_type\": \"CLOUDPICKLE_FALLBACK\",\n    \"value\": \"80059584010000000000008c267261792e747261696e2e5f696e7465726e616c2e636865636b706f696e745f6d616e61676572948c125f436865636b706f696e744d616e616765729493942981947d94288c125f636865636b706f696e745f636f6e666967948c097261792e747261696e948c10436865636b706f696e74436f6e6669679493942981947d94288c0b6e756d5f746f5f6b656570944e8c1a636865636b706f696e745f73636f72655f617474726962757465944e8c16636865636b706f696e745f73636f72655f6f72646572948c036d6178948c14636865636b706f696e745f6672657175656e6379944b008c11636865636b706f696e745f61745f656e64944e8c1a5f636865636b706f696e745f6b6565705f616c6c5f72616e6b73948c0a44455052454341544544948c1f5f636865636b706f696e745f75706c6f61645f66726f6d5f776f726b65727394681275628c135f636865636b706f696e745f726573756c7473945d948c195f6c61746573745f636865636b706f696e745f726573756c74944e75622e\"\n  }\n}"], ["{\n  \"stub\": false,\n  \"trainable_name\": \"train_with_config\",\n  \"trial_id\": \"186dd_00001\",\n  \"storage\": {\n    \"_type\": \"CLOUDPICKLE_FALLBACK\",\n    \"value\": 