{
    "round": 20,
    "timestamp": "2025-02-28T02:32:24.560509",
    "metrics": {
        "original_metrics": [
            [
                1,
                [
                    0.3178386986255646,
                    {
                        "precision": 0.9931740813792096,
                        "recall": 0.9965811965811966,
                        "f1": 0.9948747219295164,
                        "true_negatives": 5830,
                        "false_positives": 0,
                        "false_negatives": 20,
                        "true_positives": 0,
                        "prediction_mode": false,
                        "loss": 0.3178386986255646
                    }
                ]
            ],
            [
                2,
                [
                    0.17736634612083435,
                    {
                        "precision": 0.9931740813792096,
                        "recall": 0.9965811965811966,
                        "f1": 0.9948747219295164,
                        "true_negatives": 5830,
                        "false_positives": 0,
                        "false_negatives": 20,
                        "true_positives": 0,
                        "prediction_mode": false,
                        "loss": 0.17736634612083435
                    }
                ]
            ],
            [
                3,
                [
                    0.10627801716327667,
                    {
                        "precision": 0.9931740813792096,
                        "recall": 0.9965811965811966,
                        "f1": 0.9948747219295164,
                        "true_negatives": 5830,
                        "false_positives": 0,
                        "false_negatives": 20,
                        "true_positives": 0,
                        "prediction_mode": false,
                        "loss": 0.10627801716327667
                    }
                ]
            ],
            [
                4,
                [
                    0.06731069087982178,
                    {
                        "precision": 0.9931740813792096,
                        "recall": 0.9965811965811966,
                        "f1": 0.9948747219295164,
                        "true_negatives": 5830,
                        "false_positives": 0,
                        "false_negatives": 20,
                        "true_positives": 0,
                        "prediction_mode": false,
                        "loss": 0.06731069087982178
                    }
                ]
            ],
            [
                5,
                [
                    0.04536876082420349,
                    {
                        "precision": 0.9931740813792096,
                        "recall": 0.9965811965811966,
                        "f1": 0.9948747219295164,
                        "true_negatives": 5830,
                        "false_positives": 0,
                        "false_negatives": 20,
                        "true_positives": 0,
                        "prediction_mode": false,
                        "loss": 0.04536876082420349
                    }
                ]
            ],
            [
                6,
                [
                    0.03320324420928955,
                    {
                        "precision": 0.9931740813792096,
                        "recall": 0.9965811965811966,
                        "f1": 0.9948747219295164,
                        "true_negatives": 5830,
                        "false_positives": 0,
                        "false_negatives": 20,
                        "true_positives": 0,
                        "prediction_mode": false,
                        "loss": 0.03320324420928955
                    }
                ]
            ],
            [
                7,
                [
                    0.025814959779381752,
                    {
                        "precision": 0.9931740813792096,
                        "recall": 0.9965811965811966,
                        "f1": 0.9948747219295164,
                        "true_negatives": 5830,
                        "false_positives": 0,
                        "false_negatives": 20,
                        "true_positives": 0,
                        "prediction_mode": false,
                        "loss": 0.025814959779381752
                    }
                ]
            ],
            [
                8,
                [
                    0.021156631410121918,
                    {
                        "precision": 0.9931740813792096,
                        "recall": 0.9965811965811966,
                        "f1": 0.9948747219295164,
                        "true_negatives": 5830,
                        "false_positives": 0,
                        "false_negatives": 20,
                        "true_positives": 0,
                        "prediction_mode": false,
                        "loss": 0.021156631410121918
                    }
                ]
            ],
            [
                9,
                [
                    0.01895834691822529,
                    {
                        "precision": 0.9931740813792096,
                        "recall": 0.9965811965811966,
                        "f1": 0.9948747219295164,
                        "true_negatives": 5830,
                        "false_positives": 0,
                        "false_negatives": 20,
                        "true_positives": 0,
                        "prediction_mode": false,
                        "loss": 0.01895834691822529
                    }
                ]
            ],
            [
                10,
                [
                    0.01777764968574047,
                    {
                        "precision": 0.9931740813792096,
                        "recall": 0.9965811965811966,
                        "f1": 0.9948747219295164,
                        "true_negatives": 5830,
                        "false_positives": 0,
                        "false_negatives": 20,
                        "true_positives": 0,
                        "prediction_mode": false,
                        "loss": 0.01777764968574047
                    }
                ]
            ],
            [
                11,
                [
                    0.017954932525753975,
                    {
                        "total_predictions": 29230,
                        "malicious_predictions": 0,
                        "benign_predictions": 29230,
                        "prediction_mode": true,
                        "loss": 0.017954932525753975
                    }
                ]
            ],
            [
                12,
                [
                    0.01729070395231247,
                    {
                        "total_predictions": 29230,
                        "malicious_predictions": 0,
                        "benign_predictions": 29230,
                        "prediction_mode": true,
                        "loss": 0.01729070395231247
                    }
                ]
            ],
            [
                13,
                [
                    0.01761450059711933,
                    {
                        "total_predictions": 29230,
                        "malicious_predictions": 0,
                        "benign_predictions": 29230,
                        "prediction_mode": true,
                        "loss": 0.01761450059711933
                    }
                ]
            ],
            [
                14,
                [
                    0.017894592136144638,
                    {
                        "total_predictions": 29230,
                        "malicious_predictions": 0,
                        "benign_predictions": 29230,
                        "prediction_mode": true,