{
    "round": "aggregated",
    "timestamp": "2025-02-14T18:27:12.427526",
    "metrics": {
        "precision": 0.990725637640402,
        "recall": 0.9906410856340665,
        "f1": 0.9905907896777246,
        "true_negatives": 4736.0,
        "false_positives": 3.0,
        "false_negatives": 57.0,
        "true_positives": 1615.0
    }
}