{
    "round": "aggregated",
    "timestamp": "2025-02-14T19:19:01.864980",
    "metrics": {
        "precision": 0.5481149638472697,
        "recall": 0.7403478667810623,
        "f1": 0.6298912697966068,
        "true_negatives": 9492.0,
        "false_positives": 0.0,
        "false_negatives": 3329.0,
        "true_positives": 0.0
    }
}