{
    "round": "aggregated",
    "timestamp": "2025-02-27T03:48:15.426957",
    "metrics": {
        "total_predictions": 715480,
        "malicious_predictions": 335850,
        "benign_predictions": 379630,
        "prediction_mode": true,
        "loss": 1.582937479019165
    }
}