{
    "round": "aggregated",
    "timestamp": "2025-04-16T07:14:19.349721",
    "metrics": {
        "precision": 1.0,
        "recall": 1.0,
        "f1": 1.0,
        "accuracy": 1.0,
        "loss": 0.40135377879097456,
        "mlogloss": 0.40135377879097456,
        "confusion_matrix": null
    }
}