{
    "round": "aggregated",
    "timestamp": "2025-05-07T15:35:38.374861",
    "metrics": {
        "precision": 0.835583620859844,
        "recall": 0.758481973434535,
        "f1": 0.7835196117084072,
        "accuracy": 0.758481973434535,
        "mlogloss": 1.5042370705541217,
        "confusion_matrix": null
    }
}