{
    "round": "aggregated",
    "timestamp": "2025-02-14T22:18:23.613219",
    "metrics": {
        "precision": 0.5464140572421723,
        "recall": 0.7391982530026517,
        "f1": 0.628351662955976,
        "true_negatives": 4739.0,
        "false_positives": 0.0,
        "false_negatives": 1672.0,
        "true_positives": 0.0,
        "prediction_mode": false
    }
}