{
    "round": "aggregated",
    "timestamp": "2025-02-13T07:32:17.886994",
    "metrics": {
        "precision": 0.9905729799229269,
        "recall": 0.9904851037279676,
        "f1": 0.9904329955149527,
        "true_negatives": 4736.0,
        "false_positives": 3.0,
        "false_negatives": 58.0,
        "true_positives": 1614.0
    }
}