{
    "round": "aggregated",
    "timestamp": "2025-02-26T01:49:45.828568",
    "metrics": {
        "total_predictions": 357740,
        "malicious_predictions": 2865,
        "benign_predictions": 354875,
        "prediction_mode": true,
        "loss": 1.582937479019165
    }
}