{
    "round": "aggregated",
    "timestamp": "2025-02-28T00:11:25.626615",
    "metrics": {
        "total_predictions": 160255,
        "malicious_predictions": 41490,
        "benign_predictions": 118765,
        "prediction_mode": true,
        "loss": 0.00046375676174648106
    }
}